0,1,2,3,4,5,6,7,8,9,10,11,12,13,14,15,16,17,18,19,20,21,22,23,24,25,26,27,28,29,30,31,32,33,34
1.2940245,1.3731953,0.86072224,0.8525477,1.2312802,1.2495085,1.1048653,1.6171119,1.5431509,0.79593706,0.901671,1.6244746,0.3629895,0.77951634,1.8411238,0.8532845,0.3834942,2.1452236,1.3318123,1.2535475,1.254251,1.1360878,1.0739869,0.4147194,1.0935313,1.0774413,1.5608726,0.7154607,0.2557428,0.72324365,1.4058732,1.4296008,1.5285183,0.16653462,0.0
0.0,0.0,0.0,0.0,0.0,0.0,0.0,0.0,0.0,0.0,0.0,0.0,3.6787553,3.5644746,3.5994112,2.5147214,3.7347682,0.0,0.0,0.0,0.0,3.63174,2.9254909,3.6993084,0.0,0.07845315,0.0,3.9835603,0.10956848,2.2623558,3.1636727,2.6751106,0.0,3.0351222,0.0
0.0,0.0,0.0,0.0,0.0,0.03295212,0.027488425,0.1624838,0.0,0.0,0.0,0.0,2.3899918,2.0377846,1.3953621,1.3404893,2.820697,0.0,0.0,0.052182086,0.0,2.2437372,1.601217,3.325634,0.0,0.51981145,0.0,2.943484,0.8890567,3.0684462,1.7015965,1.5520805,0.0,2.9205709,0.0
0.43459907,1.1262522,1.059868,1.3629436,0.7926185,0.9455546,0.5819987,0.5071672,0.9021606,0.9742878,0.29808566,1.0193659,1.0937953,1.7773021,2.1462724,0.8138921,1.6829627,0.45941037,0.8267415,0.67167354,0.67340356,2.1478841,1.4369408,1.6097684,0.8615464,0.28553155,0.22973563,2.4715676,0.7122566,1.2804104,1.6933109,1.3567059,0.0,1.5204084,0.0
0.0,0.0,0.0,0.0,0.0,0.0,0.0,0.0,0.0,0.0,0.0,0.0,2.8739634,3.6514735,4.8549666,2.64762,2.9712217,0.0,0.0,0.0,0.0,4.846499,3.3974094,4.0208745,0.0,0.0,0.0,4.256965,0.3101563,2.3984416,3.610897,3.5221293,0.0,3.0365987,0.0
1.5881536,0.9798969,1.552437,1.4859992,1.3195227,1.483886,1.3539732,1.2047527,1.8283108,1.2745843,1.3279892,1.6610069,0.8345707,0.89345217,0.22037748,0.74356204,1.0879499,1.6773473,1.5451245,1.9703548,1.1546972,0.94408715,0.4499072,1.5371356,0.99739903,1.5849705,1.3198435,1.6090144,1.279146,1.3786529,0.69482505,0.06437724,1.1276329,1.6750107,0.0
0.6417463,1.2285292,1.0214928,0.82990354,1.2234342,1.1009622,0.95304084,0.98782283,1.5373583,1.2248379,1.0190057,1.7644658,0.12904659,0.0,0.27267835,0.6975454,0.73084736,1.2397611,0.7236252,1.526728,0.8750197,0.9318361,1.4997972,1.1242248,0.8693677,0.6198171,0.47905767,0.39611003,0.7926879,0.84953254,0.19599101,0.20242712,0.60464334,0.7207898,0.0
0.0,0.0,0.0,0.0,0.0,0.0,0.0,0.0,0.0,0.0,0.0,0.0,3.9374728,3.2897513,2.7128015,2.7974985,3.1143098,0.0,0.0,0.0,0.0,3.1844056,3.5952752,3.5994306,0.0,0.0,0.10331546,2.5004814,0.0,3.0716588,3.3878155,3.0696113,0.0,3.8097186,0.0
1.1122814,0.63976645,1.0551326,1.013984,1.0461195,1.12116,0.79795885,0.7298726,1.0110393,0.99993277,1.1581053,1.0834779,0.79463476,0.5031297,0.08854373,0.60193574,1.029409,1.1481929,1.0383056,1.8087515,0.84247935,0.84838593,0.30495965,1.5554388,0.7645714,1.1439645,0.6525845,1.1806153,0.99993086,1.0655596,0.59324634,0.37827697,0.61431104,1.217761,0.0
0.0,0.0,0.0,0.0,0.0,0.0,0.0,0.0,0.0,0.0,0.0,0.0,2.0974596,2.1593068,2.3319283,2.422382,2.1483483,0.0,0.0,0.0,0.0,1.9783874,2.20395,1.6464674,0.0,0.0,0.0,2.2841883,0.0,1.9929905,3.1944013,2.4713511,0.0,2.1125166,0.0
1.4699341,1.1139357,1.0087136,0.5873587,1.0095235,1.2651455,0.59659225,1.1012266,1.286025,1.4095068,1.5313226,1.1396617,0.50141263,0.4738136,1.2306094,1.0047506,1.0554826,1.34837,1.0101422,0.9932158,0.9172119,0.7477582,0.36709768,1.366407,0.52496105,0.6590481,0.8481679,0.13637486,0.96416247,0.58998966,0.9524062,0.584177,1.3899904,1.0970371,0.0
0.0,0.0,0.0,0.0,0.0,0.0,0.0,0.0,0.0,0.0,0.0,0.0,0.8925879,2.1865056,3.0663593,1.69991,1.4045668,0.0,0.0,0.0,0.0,2.4070163,1.8207846,1.7829211,0.13073796,0.31043836,0.06720472,1.6560261,0.0,1.7026018,2.5599892,3.0506926,0.12284841,1.1217945,0.0
1.5363369,1.3255641,1.5098443,1.4148711,0.9662343,2.2963598,1.3764876,2.0916486,1.135813,2.1207976,1.6142771,1.6692923,0.41838762,0.0,0.0,0.0,0.36546963,1.8175964,1.2468911,1.2259165,2.2973318,0.47230473,0.12268016,0.7356219,1.6923518,1.818364,1.2553589,0.31551385,1.665012,0.76712215,0.0,0.01575648,1.8591852,0.93663186,0.0
0.0,0.0,0.0,0.0,0.0,0.0,0.0,0.1773846,0.0,0.0,0.0,0.0,2.2384133,2.0800955,1.6596749,1.6286966,1.855719,0.0,0.0,0.0,0.0,1.9200919,2.4485044,2.5571508,0.0077802707,0.0,0.0,1.6081697,0.0,2.214455,1.6898904,1.2388248,0.0,2.7245252,0.0
0.0,0.0,0.13761614,0.043979798,0.40304443,0.044421818,0.0,0.41683805,0.0,0.0,0.011210993,0.13449015,2.1385694,1.940827,2.3192635,1.7255563,1.7742283,0.42754346,0.10558432,0.0,0.3717769,2.0100827,2.0827658,2.441596,0.0,0.10294162,0.28058848,0.72406423,0.12576273,1.2086879,1.8684021,1.9875456,0.28554472,1.907995,0.0
0.33098635,0.694269,0.4959543,0.70143217,0.06764865,1.0772603,0.20130356,0.46158397,0.1697358,0.678158,0.49896654,0.04509522,1.6636754,1.2483624,1.6806636,1.1823832,1.4280118,0.371832,0.14932045,0.3246267,1.0377003,1.1428874,1.390734,1.2768121,0.5499429,0.20415242,0.0,1.0304545,0.63739306,1.3469452,1.7544276,1.5042616,0.6622273,1.5666173,0.0
0.8921174,1.2186873,1.0239805,0.8599809,1.0754445,1.1646736,1.1768082,0.6951308,0.8190184,1.4195024,0.5773166,1.3391982,0.70870525,0.0,0.7111224,0.8410903,0.91618305,0.987491,0.32490215,1.2102761,0.9548119,0.54932266,0.74002254,0.43518895,1.0333157,0.953035,0.3899195,0.6492279,0.7822634,0.30026302,0.4757336,0.5801123,0.32782957,0.21515524,0.0
1.494674,1.418864,1.2906191,1.4413277,1.5561278,1.7375214,1.4187262,1.8071043,1.3829945,1.6496521,1.5118643,1.5123897,1.102331,1.0280373,0.19731683,0.8758884,0.9216069,2.0795262,1.7655017,1.3963306,1.4891508,0.5574782,0.87644327,1.0423431,1.3978853,1.147119,1.9398423,0.3860419,1.0100061,1.2059771,1.0966558,0.802669,2.0667565,1.3180103,0.0
1.8316386,1.8893273,2.0784614,1.806109,2.0461571,2.2492545,1.5394822,1.2868531,1.6167785,2.1972938,2.006514,1.6188536,0.03625121,0.0,0.30124003,0.0,0.0019551814,2.0724819,1.181665,0.98742336,1.9561703,0.0,0.2941026,0.0,2.0457704,1.2238477,1.393492,0.07090564,1.2078903,0.0,0.34577885,0.44251323,1.5639164,0.0,0.0
1.5252731,1.1203165,1.369363,1.5814924,1.7118828,1.6312331,1.5602896,1.0071814,1.8201201,1.5894227,1.3990144,1.4353061,0.9413659,0.9409516,0.0,0.62088394,1.4150597,1.5663713,1.5871438,1.7726477,1.6308562,0.84489924,0.011859134,1.1768211,1.3163815,1.4155189,1.2837657,1.1272831,1.3792162,0.85118705,1.1199934,0.2097066,0.74308133,1.4180989,0.0
1.921508,1.6637087,2.177309,2.257375,1.9553957,2.2106922,2.2286282,1.8651397,2.0061767,1.5609503,1.8292925,2.1340992,0.30559397,0.0,0.0889289,0.07426628,0.58526385,2.30987,1.780541,1.8238361,1.8621049,0.40715533,0.0,0.5569543,1.4499158,2.1012409,1.7128563,0.43779474,1.1951879,0.39395958,1.3327574,0.19281039,1.921342,0.4830834,0.0
1.0419402,0.2418642,1.1203061,1.4692464,0.8090008,1.420634,1.2110784,1.0836916,0.5685747,1.346013,0.813653,1.4228777,0.86379045,1.6957389,1.9517903,1.3312099,1.4987427,0.7161952,0.971589,0.6452083,1.177711,1.8372964,1.5482305,1.299004,0.76910704,0.4800622,0.24396084,2.400925,1.1186917,0.9231359,1.9144825,1.1095784,0.22641277,0.7651211,0.0
0.6155183,0.9675513,0.95725095,1.0449202,0.37369275,1.082834,0.6117396,1.1784763,0.015852738,1.361118,1.2655565,1.0294712,1.7213472,1.6136546,1.8561225,0.42085695,0.98350394,1.0968673,0.39072132,0.0,2.1813898,1.4231019,1.9443902,1.4468182,0.37416658,0.38153708,0.7097422,0.79839575,0.5681963,1.1587117,1.4687774,0.96157783,1.1659155,1.5432823,0.0
1.6982875,1.1337192,1.1469691,2.3053114,1.774606,2.06718,1.9185944,1.1929857,1.4725128,1.7671486,0.8796374,2.1213508,0.45481175,0.0,0.0,0.32256204,0.19966254,1.4928503,1.1808138,1.1403586,2.2527792,0.0,0.0,0.0,0.535586,1.0087439,1.3807877,1.2281765,1.0267937,0.0,0.26706943,0.0,1.272066,0.52195823,0.0
0.0,0.2172237,0.44394913,0.17064919,0.50478536,0.52294225,0.1373403,0.1928474,0.35564998,0.0,0.17184761,0.56964684,2.5370913,2.8334243,3.421742,2.237114,2.4667068,0.6082655,0.49380785,0.009843737,0.2971268,2.6038864,2.6416202,3.2848902,0.10374105,0.7001725,0.77095515,2.1872342,0.0,2.2400274,2.7347116,2.7210784,0.15180877,2.3758657,0.0
0.20440988,0.27704692,0.060077976,0.0,0.0,0.0,0.0,0.0,0.0,0.13625479,0.0,0.0,1.8439556,1.3893853,2.0589194,0.5235823,1.7614384,0.0,0.0,0.25758567,0.12243812,1.8621192,1.9020387,2.1584063,0.20146444,0.047812108,0.0,2.1384206,0.54480684,1.3885071,1.1148125,1.1721764,0.3276024,1.5859723,0.0
0.0,0.3550142,0.0,0.10143987,0.061624307,0.0,0.0,0.033261035,0.29233438,0.067331426,0.0,0.16155307,1.8484879,1.3523442,1.2568114,1.6840787,1.5916324,0.09192908,0.006147161,0.17795439,0.116329685,1.1886284,1.1535463,1.4310014,0.0,0.15458871,0.48157305,1.663771,0.030067228,1.7168652,2.3200681,1.1216787,0.31260896,2.243347,0.0
0.17381498,0.25683588,0.0,0.124385916,0.17329916,0.0,0.09433244,0.0,0.016656365,0.0,0.0,0.0,1.9480056,1.9828103,1.8733044,1.7525519,1.4486897,0.0,0.021588512,0.0,0.0,1.8393232,1.8791733,1.5504571,0.0,0.0,0.0,0.9926885,0.0,0.7293986,2.6804996,2.0225263,0.0,2.1622689,0.0
2.25413,2.5952768,2.3892531,2.2388716,2.6060688,3.0066745,2.4030886,2.3938477,2.8838692,3.2603528,2.4381506,2.8711638,0.0,0.0,0.0,0.0,0.24495077,2.407641,2.35524,2.1785557,2.6588707,0.0,0.2248773,0.25835842,2.8342915,1.174884,1.7445976,0.0,1.9356083,0.039653152,0.0,0.0,1.762179,0.0,0.0
0.49411756,1.0342877,0.23958464,0.88812006,0.7815361,1.0497683,0.90263623,1.086928,0.9356759,0.45875162,0.466166,0.92459714,0.8459868,1.0707822,2.0083292,1.2306744,1.1108449,1.3698812,0.7014467,0.7555017,1.2064362,1.4494151,2.0350611,1.8286932,0.8090645,0.60227126,1.1458982,0.7513351,0.026562154,1.3427415,1.560428,1.4388442,0.971614,1.1276462,0.0
0.7809483,0.6279093,0.5868771,0.7409278,0.9882026,0.6545352,0.4718359,0.9006985,0.5876956,0.1743317,0.17368376,0.7276452,1.4458535,1.2314749,1.7039142,0.87286496,1.1291835,1.322013,0.5787717,0.43092427,0.7125312,1.4037126,1.3223943,1.3588201,0.87789947,0.70417726,1.1309466,1.072601,0.22968416,0.97623616,1.0807179,1.6752971,0.99564815,1.4528701,0.0
0.909128,1.0107268,0.6917934,0.6818321,0.38535,1.3831081,0.6150662,0.85045016,0.28633663,0.21483889,0.36886758,0.8070444,1.4552552,1.7567375,3.1343894,1.1914719,1.9687358,0.41207066,0.6293847,1.2778019,0.42640105,2.7846162,2.0398026,3.3231869,0.53764594,0.8143177,0.0,1.3689122,1.239615,0.21591605,1.6047786,1.3174096,0.0,1.6476264,0.0
0.0,0.0,0.0,0.0,0.0,0.0,0.0,0.0,0.0,0.0,0.0,0.0,3.439824,3.8631911,4.4288673,1.9791844,3.8217733,0.0,0.0,0.0,0.0,4.1907063,3.4502401,4.7201242,0.0,0.0,0.0,3.991592,0.24992777,2.6258879,3.1562824,2.5902865,0.0,3.8265727,0.0
1.6581209,1.5578057,2.0853207,1.9729822,1.8909688,1.7174451,1.7313033,1.3141904,2.003748,2.0554054,1.6749921,1.5559478,0.06995478,0.2440098,0.0,0.0,0.2664665,2.1259923,1.6529899,1.3021145,1.7803633,0.0,0.0,0.15288243,1.4914392,1.2382017,1.4082108,0.5258731,1.3903491,0.13842514,0.69499093,0.0,1.8969332,0.27749467,0.0
0.7678451,1.1374638,1.2731515,1.7927487,1.3150083,1.6202598,1.7265456,1.6199328,3.0348315,1.2698975,1.2173182,2.3404078,1.2370956,1.9244959,0.99897474,1.8088607,2.5376248,2.2077901,1.2859671,0.21872804,1.9893882,1.2719293,1.1781741,1.0716547,1.1355635,0.53567517,1.5744524,2.2248688,1.4899089,1.3962038,0.9155912,1.2297266,1.2189226,1.9432855,0.0
0.9128018,0.8710952,1.504534,1.1433495,1.2358818,1.3146194,1.0515214,0.7913743,1.123057,1.3972439,0.8967373,1.3144438,0.8466346,0.4422349,0.98553485,0.30015782,0.59579504,1.468136,0.70421493,0.15511762,1.2918237,0.25533086,0.5211276,0.13798037,0.85940784,0.5001056,1.3065419,0.9330458,0.5846139,0.28760335,1.1655327,0.39284036,1.0587468,1.0936134,0.0
1.592773,1.6854274,2.355362,2.9656339,1.9681996,1.6940281,2.7260876,2.9848866,3.7042832,1.3138268,1.3308439,2.6874003,0.39041424,0.7831519,0.5241587,0.66509897,1.3469898,3.4635386,2.3672678,0.8574007,2.8707085,0.49895805,1.5004691,0.67610896,1.4680709,1.6935548,2.5499032,0.67653453,1.49504,0.54433435,0.15980154,0.13795483,2.6493547,0.79099613,0.0
0.0,0.0,0.0,0.0,0.0,0.0,0.0,0.0,0.0547217,0.09621589,0.0,0.0,1.9861355,2.1692486,3.5918941,1.6075726,1.7016321,0.0,0.0,0.0,0.0,2.3476796,2.0899172,1.2781025,0.0,0.0,0.0,1.4391363,0.0,1.277272,3.500426,2.1371248,0.0,1.5688615,0.0
1.2085643,0.79739183,1.3048129,1.7330823,0.6557763,1.4330492,1.890857,1.5526557,1.898871,1.0216773,0.47252312,2.061354,1.1778711,0.427234,0.5018554,1.5766708,1.0682651,0.8209301,1.1173216,0.714018,1.1542546,0.32224837,1.306991,1.0007508,0.5488824,0.53600365,0.052343518,1.4682231,1.1295437,0.56031126,0.07545671,0.52870345,0.6030268,1.1374202,0.0
0.8463001,1.1564957,0.9766505,1.2222255,0.8592081,1.6748834,1.0439142,1.6017478,1.0132957,0.8454339,1.4531116,0.9398198,0.41957185,0.49716762,0.5337683,0.14986281,0.90672594,1.415034,0.99847037,1.2633822,1.3723545,0.61863405,0.1443825,1.6506413,0.52377176,0.98665845,0.7768411,1.1938483,1.1817714,1.2729994,0.0,0.59335864,0.8376429,0.8848783,0.0
1.983952,1.7363706,2.2199762,1.6716728,2.1440394,2.24631,2.2083423,1.4284459,1.8258095,1.8054851,1.6923351,1.9208668,0.45422477,0.0,0.38384748,0.018123101,0.5361486,2.3927238,1.9020885,1.9086858,1.6229756,0.22998396,0.0,0.16871475,1.5227896,1.6085043,1.911305,0.78187567,1.152874,0.0,1.2719705,0.1435759,2.003008,0.18829304,0.0
0.4348315,0.6748336,0.7597989,0.7695198,0.697942,0.37125936,0.27281207,0.21084633,0.5830978,0.33308014,0.63317066,0.6834675,0.78372633,1.8667051,2.7081125,0.8739097,1.2083851,0.46030262,0.2675259,0.65214795,0.690024,2.1696885,1.5152847,1.5529125,0.31311205,0.07622166,0.14798757,1.4751043,0.26184535,1.2793726,2.2822835,1.6134847,0.11030798,1.3664565,0.0
0.3961101,0.12854119,0.5379842,0.35686952,0.40146554,0.0,0.0,0.1495778,0.38321286,0.9222486,0.8313308,0.40478444,1.172765,1.5366888,0.46467626,0.43008208,1.0713447,0.06778444,0.3571949,0.665349,0.13647345,1.5469801,1.2200222,1.3999579,0.7238054,0.0,0.09438815,2.2405014,0.885452,1.4508944,1.3088721,0.43695524,0.32088023,1.7712023,0.0
0.0,0.0,0.0,0.0,0.0,0.0,0.0,0.0,0.0,0.0,0.0,0.0,1.8289242,1.7636268,3.0639598,1.4936932,1.8106436,0.0,0.0,0.118183956,0.0,2.6164181,1.8258955,2.2329054,0.0,0.0,0.0,1.960723,0.0,1.708234,2.971316,2.6416833,0.0,1.921823,0.0
0.0,0.0,0.1323142,0.0,0.24362579,0.03109127,0.43413234,0.0,0.18148702,0.3662366,0.24632531,0.3360414,1.5528954,2.162859,2.6528492,1.7881821,1.84379,0.38106143,0.3694413,0.06998907,0.0,2.2539876,2.228144,1.3443216,0.17126498,0.0,0.4225711,1.8713686,0.0,1.6040791,3.0984006,2.7918694,0.1421542,1.3208435,0.0
1.7275128,1.411567,1.2973787,1.7378749,1.8567728,1.8399243,1.5665723,1.6314408,1.7574621,1.2078229,1.2258047,1.6775228,0.0,0.49603084,0.5400611,0.011772178,0.26582175,2.1758657,1.8033218,1.2949957,1.6907218,0.8718468,0.6701002,0.18438157,1.0565069,1.2139429,2.04509,0.19893241,0.5061654,0.0,0.5730222,0.538677,1.3758566,0.050303295,0.0
0.04008957,0.19250602,0.0,0.34202155,0.03709973,0.0,0.0,0.2534427,0.0,0.0,0.35225922,0.276371,2.57231,2.506681,3.8078737,1.6163738,1.9926378,0.23959619,0.0,0.0,0.084658936,2.748594,2.8769531,2.5521178,0.0,0.07127316,0.18201107,1.4851927,0.0,2.0502303,2.7255394,2.163047,0.0,2.6841598,0.0
3.2042263,2.8806896,3.0087311,2.824733,3.2647746,3.715854,3.4923692,2.7475445,3.584409,3.2000315,2.122037,2.873635,0.0,0.0,0.009922057,0.0,0.0,2.9959905,2.7907445,2.2749696,3.2142591,0.0,0.0,0.0,2.8030434,2.817928,2.601804,0.0,2.3776836,0.0,0.0,0.0,2.6588535,0.0,0.0
0.0,0.0,0.0,0.0,0.0,0.0,0.0,0.0,0.0,0.0,0.0,0.0,2.8536868,2.3174467,1.8245013,1.2794795,2.4708185,0.0,0.0,0.0,0.0,1.9866252,2.174277,3.1910367,0.0,0.053437393,0.0,2.8486576,0.42299598,2.4616227,1.4167074,0.8067753,0.0,2.8188605,0.0
0.0,0.72194314,1.1676831,1.6212705,0.8010151,2.055576,0.41944897,1.2954503,1.0785096,0.45037675,0.90111506,1.6533611,2.003622,1.9433626,1.9553709,1.8773179,2.6779556,0.91064054,1.0240692,0.7592794,1.2528384,2.2297804,1.5012306,2.28657,0.1581313,0.9513787,0.39155114,2.8716986,1.0219936,2.3310938,1.4683847,2.0585604,0.16604531,1.1405182,0.0
2.5403914,2.2093947,2.5890927,2.54714,2.3979018,2.9515002,2.278899,2.2414892,2.281936,2.1661842,1.8134611,2.4277284,0.0,0.0,0.0,0.0,0.0,1.677869,1.9809722,2.614626,1.7046478,0.0,0.16832638,0.0,2.1276093,1.0137247,0.97840214,0.0,1.7385926,0.0,0.0,0.0,0.6530574,0.0,0.0
2.193199,1.8490093,1.9168822,2.1950307,2.1427684,2.4212167,2.1312406,2.3169405,2.155024,1.9981446,2.2854366,2.2686772,0.0,0.0,0.8306896,0.06821968,0.4858881,2.6079378,1.8419683,2.3645022,2.1594105,0.012387812,0.0,1.107346,1.329139,2.9865606,1.5349386,0.16161573,1.1863908,0.35263523,0.32811117,0.62636673,1.9316702,0.24878058,0.0
1.4371551,1.0822961,1.6328626,1.2969154,1.2573484,2.1983187,1.5422637,1.9464929,1.4289304,1.930946,1.7181722,1.7563453,0.05513925,0.02671324,0.0,0.0,0.051538162,1.9520818,1.6896088,1.4497894,1.5926745,0.5286242,0.3652218,0.79511875,1.4389781,1.3069164,1.5411435,0.42972323,1.7816533,0.8355783,0.0,0.0,1.4232131,0.6385557,0.0
0.083491385,0.1722632,0.48374376,0.08196619,0.8131366,0.0020992719,0.5045024,0.0,0.32233325,0.8201323,0.50580645,0.7435378,1.622062,1.812696,3.0197089,1.5923231,1.9181187,0.6241125,0.6474709,0.0,0.0,1.8479375,1.764757,1.4431756,0.634336,0.0,0.52790195,1.9432601,0.09909633,1.296584,3.457017,1.8578802,0.3597486,2.000996,0.0
1.7589914,1.9951596,1.6157484,1.8730758,2.060728,1.6675005,1.5872971,1.0824091,1.9332445,1.4602966,1.3021181,1.7799495,0.0,0.0,0.2622429,0.11395844,0.020630531,1.5192599,0.8400141,1.9987944,1.2579693,0.18957281,0.33054218,0.9100271,1.0894516,1.4333168,1.1113375,0.0,1.2338451,0.046147324,0.0,0.0,0.7665511,0.6255655,0.0
0.0,0.0,0.27689704,0.0,0.72912127,0.080393665,0.0,0.0,0.0,0.5851739,0.0,0.0978201,3.2499127,2.9743674,4.3070393,2.8865767,3.1947787,0.35146385,0.0,0.0,0.0,3.06863,3.1322615,3.3821373,0.2769057,0.17850265,0.0,1.6437699,0.551438,2.3579667,3.3130848,3.4168909,0.27868813,2.2845545,0.0
0.64767134,0.52376395,0.61976314,0.5447355,0.10006662,1.0167567,0.58005387,0.8317307,0.56463253,0.76906073,0.25821424,0.72322774,1.3026038,0.8216809,0.14639866,0.4777984,1.3142399,0.7254683,0.36581272,0.46132147,0.82339907,0.90771383,0.9039434,1.0771887,0.6163725,0.1736132,0.0,1.8578743,1.0547801,1.181651,0.725327,0.60552496,0.17311984,1.5752583,0.0
0.0,0.0,0.0,0.0,0.20283632,0.0,0.0,0.0,0.0,0.18710962,0.0,0.0,2.8971562,1.8680323,2.8277352,2.072481,2.8485389,0.0,0.0,0.0,0.0,2.7092035,2.7074113,2.9379134,0.0,0.0,0.0,2.1329212,0.0,2.4288578,3.0332959,2.4730835,0.0,2.8151653,0.0
1.4310036,1.459606,1.8239079,1.6832569,1.5178521,1.4868569,1.4889026,1.1968925,1.8213589,1.8957942,1.4021845,1.393624,0.27285075,0.60421443,0.1912354,0.0,0.5697229,2.0401406,1.5364084,0.95889515,1.7356429,0.34616724,0.0583463,0.38118646,1.2857134,1.0135602,1.4785814,0.72800255,1.2368915,0.5324553,0.7560759,0.056134336,1.8387247,0.3925634,0.0
0.7773532,0.48328793,0.9078041,0.32899064,0.9587507,1.042999,0.7283594,0.1427859,0.7112972,0.595194,0.2654474,0.81601053,1.5498257,1.4285007,2.3031094,1.041599,1.5906805,1.2584819,0.98091006,0.21144041,0.5960369,1.8799161,1.6705742,2.1020188,0.915789,0.3818266,1.1667076,1.5584102,0.64638394,1.2152641,1.9331354,1.4796115,0.73397034,1.3453038,0.0
0.6999775,0.28127676,0.58933073,0.411758,0.6351394,0.37341574,0.46039182,0.67617995,0.8573186,0.74937177,0.036150068,0.68523836,1.5676522,0.778167,1.8224237,1.7552804,1.8451902,0.7411795,0.33585507,0.9030351,0.6393466,1.3564237,1.1510066,1.5527999,0.37722984,1.0052816,0.12747036,0.77008253,0.31045341,1.1385556,1.6642903,1.457745,1.1754968,0.58736056,0.0
0.0,0.031677295,0.18307212,0.0,0.0,0.0,0.0,0.0,0.004226513,0.61551577,0.4142081,0.2446328,1.4057325,1.9793965,0.85595584,0.64441013,1.7852312,0.0,0.05813212,0.16056271,0.03180243,2.0829422,1.089243,1.7388024,0.5950304,0.0,0.0,2.3434823,0.706279,1.6250784,1.0868704,1.2933536,0.20059213,2.091506,0.0
0.036272414,0.2703544,0.25998923,0.1076242,0.3452737,0.35498092,0.20579644,0.6288543,0.3965288,0.6401454,0.0,0.035889275,2.202932,1.5473131,2.0871122,1.037343,2.269381,0.24173498,0.30595088,0.0,0.5464361,2.0978477,1.1420941,1.6166312,0.23203413,0.5757943,0.6549407,1.6592518,0.59995514,1.3257748,2.1384792,1.6088324,0.7410964,1.8103721,0.0
0.16955942,0.5057381,0.44271272,0.1310552,0.74732506,0.5375062,0.2534575,0.45205688,0.33746466,0.6318189,0.6099832,0.96488,1.7904227,1.7212279,2.4387486,1.9503924,1.3180519,0.6358543,0.37673312,0.28463182,0.6830691,1.9331346,2.2636619,2.5612512,0.67137516,0.0,0.5580797,1.141312,0.31697667,1.7104479,2.418869,1.7258018,0.38097152,2.1295264,0.0
0.38965845,0.13104944,0.8596848,0.39694625,0.3263623,0.9873897,0.27774084,0.83999807,0.7648336,0.16684726,0.7387068,0.9018101,1.0811316,1.0771383,0.8177532,0.8694624,1.3332958,1.21382,0.79607296,0.6961668,0.66464406,1.2859986,0.7676463,1.8596709,0.034634754,0.6545721,0.16833007,1.7064275,0.7575525,1.851926,0.15131465,0.99255884,1.656264e-05,1.4515567,0.0
0.0,0.0,0.0,0.10271941,0.0,0.03353822,0.0,0.0,0.0,0.0,0.0,0.0,3.3125443,3.2935398,4.117749,3.1529264,3.0052798,0.0,0.0,0.0,0.0,3.3867583,4.260386,3.8751984,0.0,0.0,0.094459996,2.21666,0.0,2.5545874,3.2554815,3.338383,0.0,2.8759763,0.0
0.0,0.0,0.0,0.0,0.0,0.0,0.0,0.0,0.0,0.0,0.0,0.0,3.060257,3.149763,4.4585867,2.4542234,2.3898351,0.0,0.0,0.0,0.0,3.4490323,3.268889,2.5023694,0.0,0.0,0.0,2.8749819,0.0,2.3944018,4.069271,3.302028,0.0,2.2774153,0.0
0.0,0.0,0.0,0.0,0.0,0.0,0.0,0.0,0.0,0.0,0.0,0.0,2.1761756,2.16956,1.2024944,1.2241126,2.5980887,0.0,0.0,0.03370464,0.0,2.2947726,1.7553617,3.042272,0.0,0.06487167,0.0,2.5313737,0.44745523,2.27962,2.100179,1.9075341,0.0,2.7936559,0.0
0.49785143,0.3664297,0.0,0.0,0.0,0.83299726,0.0,0.0,0.0,1.814057,0.5221291,0.0,2.0254097,2.245247,3.7815156,1.9706851,2.2798195,0.8238698,0.2498563,1.0890912,1.2579522,2.538849,3.1995609,2.9709916,1.1176567,1.892049,1.7705319,1.9935839,0.9777627,2.4754784,3.3900652,2.441308,1.784302,1.3436577,0.0
0.0,0.0,0.0,0.0,0.0,0.0,0.24116167,0.121694945,0.04611545,0.0,0.0,0.0,2.0416238,1.4422035,1.4665713,1.7850791,2.2098725,0.0,0.1367527,0.0,0.2058179,2.2290058,1.7182336,2.5310717,0.0,0.6075259,0.3669657,1.9210758,0.28607243,1.6511697,2.0714839,1.7936729,0.3629033,2.1271071,0.0
0.0,0.31626296,0.19621764,0.0,0.0,0.094020024,0.0,0.0,0.0,0.5068413,0.0,0.634074,1.1320287,1.341267,2.0043118,0.5982281,1.638537,0.0,0.0,0.06896539,0.20065352,1.9794402,1.5150481,2.0002215,0.13799417,0.0,0.0,2.2562234,0.20034988,1.4740657,1.504049,1.3663343,0.5006621,1.3988638,0.0
0.7463884,1.0417646,0.83258885,0.7218775,0.8081069,1.3780764,0.57431114,0.79893917,1.0847031,1.1881249,0.740715,0.86306024,0.0,0.07287986,0.027704,0.29801276,0.19072345,1.0180572,0.8601494,0.6411505,0.99973893,0.028442841,0.35449064,0.30726668,0.9273786,0.27194905,0.9487101,0.0,0.71303475,0.3399478,0.30147153,0.18308762,1.0694562,0.0,0.0
0.92446905,0.55092806,0.5074141,0.0813291,0.8376839,0.5758511,0.5837729,0.6281073,1.5401427,1.0734206,0.15690668,1.3031226,0.94211555,1.2191591,2.9588385,1.6058685,1.5048414,1.3343327,1.214289,0.8094026,0.282017,2.2070558,1.2159665,1.2725451,0.7436527,0.9875809,1.165635,1.2779404,0.39388937,0.61304396,2.4973066,1.5168246,1.4158577,0.8674867,0.0
0.6928112,1.0162697,0.99049056,1.0181528,1.5000085,1.5118918,1.4492288,1.5203034,1.7160189,0.966943,1.6678618,1.3404884,1.4911274,0.7499485,0.03237094,0.8530293,1.716119,1.8342328,1.2971485,0.88282704,1.5427322,1.7598193,0.5064757,1.4189394,0.8045386,1.6091983,1.1978726,1.9414312,1.2703638,1.7091703,1.2805524,1.1281914,1.5342866,1.5532556,0.0
1.9873681,1.8692644,1.294079,1.7951924,1.848496,1.4874427,1.4914702,1.302321,1.9566891,1.5898373,0.9190659,0.8806812,0.5526192,0.72356826,0.0,0.0,0.86950344,1.5368748,1.445495,1.544859,1.441063,0.77892387,0.42375156,0.66245323,1.0707262,1.1566471,1.3695738,0.59928435,1.1330385,0.04318949,0.8222016,0.3237921,1.0346334,1.0664086,0.0
0.0,0.77982944,0.0,0.023387663,0.0,0.39075482,0.28159666,0.0,0.0,0.0,0.0,0.37445277,3.6464972,3.1099656,3.9615297,2.8055317,4.2078686,0.41605544,0.0,0.0,1.3221025,3.5619345,2.8570306,3.6769795,0.0,0.86264026,0.0,2.812892,0.0,3.124195,2.2867846,2.7436268,0.0,2.2751741,0.0
0.0,0.33229697,0.25775492,0.14383125,0.23419487,0.25811768,0.16915964,0.6069883,0.55849546,0.13759145,0.2261591,0.6824986,2.2097344,2.1325676,3.0624676,2.262129,2.1123939,0.73472756,0.2636826,0.12570505,0.10971634,2.2692714,2.3991222,2.4054303,0.0,0.6811533,0.5314483,1.9629619,0.023389027,2.2317774,2.7480397,2.8707283,0.53784615,1.8052676,0.0
0.0,0.0,0.0,0.0,0.0,0.0,0.0,0.0,0.0,0.0,0.0,0.0,2.7852268,2.4647393,2.5515292,2.1208997,2.8700728,0.0,0.0,0.0,0.0,2.8851988,2.172721,3.1924672,0.0,0.0,0.0,3.3021266,0.0,2.8790045,1.8897368,1.5163198,0.0,2.995957,0.0
0.0,0.26964122,0.27133462,0.14028007,0.54644984,0.10739171,0.0,0.17947999,0.0227965,0.12603351,0.22791669,0.6129487,1.9545511,2.0279422,2.7072473,1.8992659,1.5162506,0.21726698,0.16096593,0.18335573,0.36485043,2.3127713,2.4250093,2.6407819,0.33414415,0.0,0.4200827,1.5595706,0.0,1.9727314,2.5837724,1.9376253,0.0,2.3866065,0.0
0.44691738,0.9963735,0.3039386,0.17974389,0.7136173,0.07373392,0.46636638,0.45595014,0.4795622,0.5356219,0.032086253,0.31218958,1.0431445,0.8726484,1.6049271,0.40913665,0.94307065,0.0,0.23165448,0.33546072,0.31421703,1.2987592,1.4267505,1.2525238,0.66654456,0.36226574,0.31154376,1.8531846,0.76153326,0.6275386,1.3975562,0.91281116,0.0,1.7736108,0.0
1.2693974,0.8940028,0.66636574,0.49869156,0.79394937,1.3339682,0.595132,1.0995024,0.94752467,1.5791208,1.1188666,0.8934709,0.34864944,0.7005691,0.13886218,0.8768434,0.8918611,1.4143964,1.104947,1.1936811,1.2199619,0.7664097,0.897769,1.1126852,1.2967912,0.7151114,0.71562856,0.569326,1.0585705,0.16882354,0.1058333,0.57245505,0.93111974,0.16968086,0.0
0.7139121,0.8812434,0.5304308,0.4029805,0.43731958,0.745032,0.7164866,0.9666728,0.25740013,0.44928363,0.675183,0.5424088,2.131136,1.4623176,1.351907,1.2451109,1.3620268,0.6157091,0.6288832,0.41098404,0.7580787,1.5803034,0.7282504,1.2164092,0.6239708,0.736496,0.60908574,1.6737679,0.27795434,1.2600942,1.7932249,1.7023216,0.78012794,1.390579,0.0
0.0,0.69697165,0.28281185,0.7936355,0.41696003,0.24105719,0.0,0.013195466,0.5084338,0.0,0.0,0.52477324,1.1313932,2.1649864,3.0314286,2.132023,1.6358918,0.0,0.074396394,1.0003963,0.0,2.8611414,2.8693736,2.758627,0.17845544,0.013533521,0.0,1.9691522,0.46648836,1.251502,1.9022636,2.1583192,0.0,2.3961186,0.0
1.5964667,1.3158911,1.1546363,1.0795183,1.2488483,1.5326314,1.0560235,1.5661021,1.2370044,1.5480199,1.1242248,1.1849563,0.20195834,0.39803284,0.4297943,0.18768686,0.77738893,1.4767693,1.035347,1.3158745,1.2829566,0.6656102,0.28381446,0.8009557,1.3709178,1.1138784,0.9269961,0.24395496,1.054555,0.7277928,0.35940596,0.635942,1.5839977,0.64177847,0.0
0.4040131,0.6866786,0.8048941,0.84108716,0.68034315,1.2299556,0.49545518,0.3203384,1.0872214,0.81731975,0.8543127,0.68542093,1.442615,1.2426392,0.63601923,0.73610306,2.2725108,1.1317396,0.99759716,0.7237068,1.1396563,1.4928697,0.32801828,1.6208056,0.4027965,1.0803236,1.1419045,2.3149207,0.8205381,1.564242,1.6592937,0.97885674,1.0387883,1.7541902,0.0
1.3742372,1.3103868,1.5113821,1.5670394,1.0390666,1.7890699,1.2654405,1.4506158,1.3250762,1.2929085,1.6194365,1.48566,0.24894999,0.0,0.0,0.0,0.0,1.6413741,0.89457864,1.3670146,1.4856281,0.07542798,0.0,0.40777278,1.3368952,1.022589,0.76273113,0.83794165,1.1149161,0.508503,0.0,0.10255235,1.0031067,0.64350677,0.0
0.0,0.0,0.0,0.0,0.0,0.0,0.0,0.0,0.0,0.0,0.0,0.0,3.2317853,2.9273117,2.5591078,2.476531,2.4425828,0.0,0.0,0.0,0.0,2.7698927,3.091006,2.945292,0.0,0.0,0.0,2.120557,0.0,2.4538116,2.79863,2.828583,0.0,2.9643717,0.0
2.0213988,1.4390916,1.8691183,1.2259405,1.9876987,1.868614,2.0089462,2.0948443,1.3605287,2.691599,1.731416,1.5473936,1.2282394,0.8744764,0.7005398,0.4516912,0.71908754,1.2536885,1.6850363,1.558328,1.7110398,1.0250511,0.40735224,0.97743493,1.8552451,1.902029,1.4283856,0.43009812,1.9986976,0.19071774,1.4329464,0.6858584,2.292925,0.5978868,0.0
0.0,0.0,0.060724597,0.09976335,0.0,0.0,0.3378877,0.10234607,0.32231635,0.0,0.1846396,0.46585673,1.5686308,1.2963487,0.84425616,1.6780436,2.0673764,0.5833408,0.0521435,0.31398883,0.0,1.9068633,2.2019107,2.3868952,0.0,0.38735977,0.0,1.6821698,0.0,2.1641257,1.4697781,2.0864997,0.10324457,2.175797,0.0
2.273766,1.6026064,1.8730685,1.5936333,1.7160169,2.3214166,1.680501,2.0820568,1.9374298,1.1706445,1.4165689,1.7637966,0.48497444,0.7757983,0.8758511,0.09926133,0.61174285,2.1111498,1.8587021,2.0081966,1.5032897,1.037119,0.17634977,0.65621454,1.2577655,1.6089121,1.5507706,0.79479235,0.9559494,0.63841265,0.4723575,0.969084,1.8964772,0.7853053,0.0
1.5594956,2.629349,1.8739743,2.2301366,2.1140192,2.730479,2.694826,1.7163197,2.6361809,2.7688534,1.8775493,3.23675,0.079595596,0.58652675,0.24950373,0.23922148,0.9647777,2.5678902,1.5249618,1.0318519,2.910946,0.97193813,0.61746526,0.0,2.656542,1.7416587,1.4665781,0.44033447,1.6424375,0.1508761,0.0,0.67963606,1.4043899,0.0,0.0
1.4400392,1.324584,1.5527431,1.4886184,1.6377623,1.7144871,1.4710052,1.1684384,1.5234749,1.7735776,1.4906164,1.5984058,0.8343716,0.507386,0.33325335,0.03934235,0.57786447,1.3087841,1.306541,1.3083513,1.8554,0.22309518,0.0,0.13656174,1.4963413,1.7960527,1.3367252,0.44495016,0.7789169,0.07682592,1.3665977,0.0,1.3830096,0.43107587,0.0
2.3515458,2.364881,2.8901613,2.4645302,3.4335444,2.3904514,2.412741,2.2883987,2.9270608,2.9806592,1.9352735,2.9811277,0.0046594813,0.0,0.0,0.10031826,0.0,1.8938438,2.320193,2.6676497,1.8508401,0.0,1.0573065,1.166118,2.3725564,1.650254,2.4819992,0.20974015,1.6842047,0.0,0.0,0.0,1.7037481,1.2211268,0.0
0.77244604,0.8682438,0.922555,1.3186169,0.7485009,1.0744995,0.73938525,0.4129205,0.8893108,0.85779065,0.9423503,0.53674084,0.7110282,0.6653772,1.2067947,0.41811085,0.681594,0.8724792,0.3392655,0.73603964,1.1540723,0.24673074,1.0716908,0.72824925,0.8789924,0.721996,0.631792,0.741248,0.33828038,0.8299494,0.63049436,0.60219944,1.317508,0.9848028,0.0
0.19267628,0.0072188526,0.1522249,0.21345049,0.0,0.73125166,0.025172003,0.07482936,0.0,0.0,0.0,0.0,2.2910342,1.9099668,2.3582253,1.1526278,1.7040684,0.054705966,0.105938226,0.08367769,0.3124791,2.1701338,2.1511216,2.074637,0.0,0.42037728,0.07437206,2.189168,0.095837936,1.8816137,1.8951112,2.0122988,0.04486924,1.6340127,0.0
2.0054014,1.7966881,1.674768,1.616374,1.7244786,1.9248835,2.1349323,1.6285418,1.7821852,1.7405286,2.0754566,1.6142398,0.07578298,0.49739084,0.0,0.027934622,1.0536678,1.9625359,1.662846,1.8580449,1.361244,0.3743142,0.0,0.6023828,1.2445259,1.4800249,0.89296126,0.7494119,1.3090943,0.6059073,0.5220983,0.6385279,1.1748955,0.3439009,0.0
2.0507913,1.4719306,1.9179606,2.048973,1.7347317,1.5735563,1.8911266,1.8244094,2.635647,1.4671862,1.372786,2.1503484,1.0423374,1.0251523,0.46646944,1.039102,1.0132124,0.91028744,1.6099718,1.2618101,1.1791708,0.7355875,1.1162502,0.7685282,0.785903,0.92458934,0.39217958,1.0674186,1.4080306,0.6967176,0.9478875,0.0,0.51120967,1.4113953,0.0
0.7656995,0.90976554,1.1852434,0.7996934,0.84560007,1.1844883,1.1082214,0.5934854,1.0111359,0.7704599,0.23773727,1.3582281,0.07387837,0.6904801,0.9194003,0.85721934,1.0135807,0.7929071,0.77625936,0.62728703,1.0536457,1.378715,0.62572145,0.7049959,1.3539575,0.57642025,0.0,1.5579197,0.87370443,0.15794735,0.94303524,0.648364,0.34488925,0.45640367,0.0
0.0,0.0,0.0,0.0,0.0,0.0,0.0,0.0,0.0,0.0,0.0,0.0,2.890469,2.1392136,4.0617566,2.2420435,2.561752,0.0,0.0,0.0,0.0,3.4393044,2.8703456,3.2787151,0.0,0.0,0.0,1.9041984,0.0,2.0268543,3.2213697,3.201893,0.0,2.5027401,0.0
1.3824276,0.97176766,1.1218394,1.2145467,1.4274237,1.4635714,0.9248886,0.86921924,0.77525556,1.3614897,0.9922344,0.43923056,0.40794492,0.6968626,0.49691755,0.34935737,1.0163454,0.65692866,1.0139668,1.884777,0.85054594,0.94763,0.13613176,1.5075947,1.3124548,1.3101307,0.50347173,0.37056988,1.5476785,0.62084556,0.50164276,0.6792038,0.7180922,0.97769284,0.0
0.0,0.0,0.0,0.0,0.0,0.0,0.0,0.0,0.0,0.0,0.0,0.0,3.562605,2.7539241,2.411479,1.5833017,2.9789424,0.0,0.0,0.0,0.0,2.5892055,2.8480566,2.947451,0.16402954,0.0,0.0,3.2029765,0.6668436,2.9598303,2.379835,1.7919303,0.0,3.8431802,0.0
1.2501247,1.8509451,1.9425994,2.0319893,2.3130987,2.6132503,1.7218058,1.309516,1.8115492,2.1263237,1.6607306,2.3370562,0.0,0.0,0.41640097,0.0,0.17534652,1.3693877,1.4912153,2.0361807,1.2519492,0.59570235,0.5902491,0.52772737,1.4467636,0.9248332,1.5060369,0.5646832,1.325646,0.102763966,0.13404512,0.0,0.69893974,0.0012682229,0.0
0.21160722,0.2450824,0.065663904,0.36815214,0.34939727,0.3097336,0.10206804,0.0,0.113187656,0.13487437,0.046139985,0.0,1.5790762,1.2928722,1.0211651,1.4979311,1.630783,0.0383286,0.032624736,0.28066352,0.20312382,0.9913128,0.9740641,1.1769896,0.41617858,0.29596397,0.05053594,1.4422774,0.36978924,1.5346551,1.9870224,1.4762222,0.102244586,1.9399493,0.0
0.015015772,0.61620027,0.2987693,0.29481927,0.7088874,1.2061948,0.6960138,0.0041758455,0.47991738,0.66826147,0.16157624,0.45535886,2.6258345,1.7275378,3.48522,1.8673337,2.3657186,0.95620453,0.0,0.13209195,1.206522,2.102713,2.1837122,1.8813654,0.7486793,1.1104978,0.2321143,1.7478588,0.14164539,1.5394675,2.3245182,2.710582,0.59226435,0.74595696,0.0
1.4851016,1.2628853,1.3648665,1.4877969,1.5288622,1.3535182,1.5067954,1.8268558,1.8193805,1.234512,0.93874276,1.6417077,0.93059075,1.3358809,1.6584806,1.2110771,1.1462916,1.6397814,1.2572474,1.1684445,0.924506,1.6593074,2.2022007,1.7657502,1.1691476,1.0472621,1.4686114,0.9414223,0.8406698,1.5666212,1.2327411,1.7067755,1.3032119,1.0398593,0.0
0.0,0.46606314,0.0,0.0,0.0,0.0,0.0,0.0,0.0,0.09199107,0.0,0.0,2.0727134,3.003532,3.7319868,2.50912,2.9679995,0.0,0.0,0.0,0.45398864,3.4265237,2.8053799,2.997004,0.0,0.601947,0.6468043,3.732552,0.26395124,3.713938,4.0248585,3.1136582,0.13987152,3.107144,0.0
2.5795145,1.6224272,2.4564562,2.7086873,2.2274313,2.4336543,1.5370923,1.9949589,2.484427,1.792767,1.6221814,1.9719858,0.0,0.0,0.0,0.0,0.22703394,2.7201161,2.2038941,2.6203625,1.640382,0.0,0.0,0.21388093,1.6670051,2.209056,1.2184656,0.38004047,1.3009146,0.018798456,0.2337549,0.34287304,1.0124458,0.0,0.0
0.38286164,0.7659956,0.25298402,0.0627256,0.6090403,0.039084066,0.39503035,0.23941877,0.13861662,0.37619534,0.0,0.028184146,1.341292,0.84057206,1.5722642,0.34433421,1.1659681,0.0,0.106787,0.0,0.44785216,1.3815739,1.356028,1.258148,0.42018956,0.21284561,0.15307777,1.8106581,0.5701942,0.50348485,1.2779319,0.9754319,0.0,1.7171934,0.0
0.6824257,0.5098896,0.787068,0.6601272,1.0539489,0.73664117,0.46916103,0.30996108,0.57342225,1.1943228,0.74486756,0.52197057,1.4991434,1.0774662,1.1977625,0.8455344,1.6965061,0.93036157,0.73668903,0.3173689,0.47665417,1.2909354,0.73375845,1.7769955,0.7469997,0.6437131,0.75872976,1.0935322,0.9917667,1.2958579,1.5646795,0.78311527,1.0896158,1.5835667,0.0
0.0,0.581661,0.0348521,0.03257227,0.31081918,0.0,0.073520795,0.15692464,0.31016523,0.0,0.26902282,0.21082191,1.8063459,1.8373891,1.4296479,1.602496,1.5877541,0.0,0.0,0.2412228,0.012026535,1.5383309,1.476739,1.1829177,0.0,0.21362801,0.20067576,1.1289254,0.09127545,1.715749,2.5044434,1.6342384,0.0,2.027749,0.0
1.256074,1.5521102,0.8143053,0.94227946,1.068119,0.9091778,0.33211154,0.7931698,1.1241561,0.8890952,1.0948036,0.53953403,0.37111872,0.834686,2.573939,0.8775525,0.93165386,0.4401658,0.6716803,1.1561941,1.2193339,2.0838556,1.2701341,2.5443559,0.9777628,1.030785,0.0,1.3904738,1.596704,0.09647856,1.7827495,1.2059187,0.68467915,1.0020306,0.0
0.0,0.0,0.0,0.0,0.0,0.0,0.0,0.0,0.0,0.10323133,0.0,0.0,2.841473,2.5787685,1.7914131,1.5831517,3.0477395,0.0,0.0,0.027155835,0.0,2.734467,1.9686283,3.3490353,0.0,0.30809045,0.0,2.7078457,0.56268656,2.6320171,1.964302,1.9668357,0.0,3.0595996,0.0
1.8675592,1.4323242,1.5680915,1.7198563,1.8979931,1.7464838,1.6842917,1.6387951,1.8643591,2.0596833,0.9973892,1.3842351,1.2053323,0.48339668,0.49455848,1.119423,1.3878655,1.1878678,1.3945051,2.0365248,1.4780452,0.650132,0.12605967,1.5065103,1.6227416,1.6093255,1.1922076,1.2878249,2.0165608,1.1022999,1.0211055,0.0,1.902474,1.9908271,0.0
0.57468784,0.70400274,0.555497,0.8225334,0.61630774,0.99805105,0.18129113,0.6093703,0.86572695,0.06761034,0.19963202,0.32091433,1.4044732,0.6010787,1.1624327,0.68941796,1.2818547,0.9819457,0.45359653,0.32774094,0.44035217,0.83370763,0.8538023,1.4238653,0.5392807,0.99867225,0.3783465,1.460704,0.61272985,1.8314942,1.2341882,0.59510094,0.25762674,1.3775852,0.0
1.2299577,0.7576941,0.9093492,0.86417204,0.78647095,1.2661134,0.9093536,0.43627363,1.2055037,1.0228491,0.2195271,1.0984143,0.83722126,0.1875844,1.4205654,0.7531767,0.82017183,1.0484507,0.72942764,1.0471712,1.0154359,0.49233186,0.62603045,0.48719114,0.3115681,0.9323499,1.2635372,0.9123475,0.36056024,0.55155486,1.2547551,0.0,1.3955464,1.1358333,0.0
0.0,0.0,0.4805419,0.55132943,0.5865586,0.91863364,0.19011107,0.0,0.45040613,0.0,0.051732555,0.15792732,1.997101,2.455212,2.897515,2.1638734,2.1558764,0.28423077,0.08006464,0.17842932,0.5096925,2.3317215,2.789767,2.6153283,0.3884438,0.35448354,0.91240233,1.5500114,0.12442298,1.6546673,2.2861154,2.5943363,0.0,1.6858151,0.0
1.7526234,1.4848212,1.4971302,1.8365383,1.7614697,0.9885302,1.2665917,1.4602498,1.7898144,1.628944,1.9042993,2.2334378,0.32345495,0.030192249,0.9620498,0.0,0.4420937,2.3106945,1.7142243,1.6485065,1.4343982,0.7362137,0.8720815,1.0269336,1.3422872,1.5520341,1.5713209,0.2887538,1.0420921,0.29697353,0.54346496,0.10735657,2.126922,0.47516537,0.0
2.0573726,1.8651791,1.5572019,1.6076859,1.7679484,2.0653067,1.4702698,2.138999,2.133099,1.5101993,1.3818624,2.030427,0.0,0.40754297,0.8685021,0.58126855,0.60907775,2.5870988,1.6845537,1.6769086,1.8257066,1.1549892,0.5755776,0.8738233,1.0996431,1.4686687,2.384859,0.0508944,1.0753335,0.5137437,0.6980343,0.9535598,2.4031627,0.64238536,0.0
0.74474436,0.7453512,0.49759808,0.543731,0.44079062,0.6670601,0.47355345,0.26305047,0.48139498,0.4090089,0.47236747,0.71064436,1.3123022,0.80199873,0.92595893,1.214692,1.148012,0.7799613,0.49624652,0.4394859,0.477439,0.7007135,0.91333365,0.84983575,0.21692035,0.34326354,0.8033409,1.1346867,0.13416956,0.946882,1.988515,0.8835702,0.29932058,1.4424098,0.0
0.0,0.0,0.0,0.0,0.0,0.0,0.0,0.0,0.0,0.0,0.0,0.0,2.482533,2.3171046,2.3271675,1.9649458,2.477423,0.0,0.0,0.0,0.0,2.5726037,2.1296825,3.0111136,0.0,0.027568463,0.0,2.882142,0.0,2.7410102,1.6478099,1.2206761,0.0,2.9866872,0.0
0.52032274,0.29191196,0.63731825,0.78345543,0.6040766,0.5712607,0.34223634,1.1151766,0.765129,0.2916337,0.64697117,0.76370466,1.501539,1.344159,1.4203031,1.4706933,0.95277655,0.7162593,0.7737976,0.71032345,0.60906863,1.2437,1.3959626,1.7277555,0.30538037,1.0759648,0.7095843,0.7031608,0.46629554,1.2839708,1.6952302,1.1939379,0.44869506,1.3977177,0.0
1.2340144,0.67059404,1.1855885,1.2663082,1.0740021,1.1900902,1.2742558,0.8942834,1.0357813,1.2764633,1.4217523,1.0350282,0.60679567,0.6711793,0.0,0.105055965,0.9809158,0.9820059,1.0594214,1.5451547,0.8489375,0.69735396,0.3122672,1.5419183,1.0752147,1.0355586,0.66314423,0.84870905,1.3584642,1.1554357,0.74020594,0.54744834,0.43102977,1.3174896,0.0
0.0,0.0,0.0,0.0,0.0,0.0,0.0,0.0,0.0,0.0,0.0,0.0,2.3461375,2.1418817,2.5033937,1.533218,1.6173682,0.0,0.0,0.0,0.060897663,2.192202,2.2925248,1.5921158,0.0,0.0,0.0,1.667756,0.0,1.3344715,2.78707,2.121126,0.0,2.0292819,0.0
0.6130192,0.52724296,1.0332503,0.86950773,1.2963578,1.3363736,0.6262289,0.16490823,1.3840234,0.83881503,0.68336284,0.6935123,1.1005319,0.79090005,1.3211563,1.3446064,1.0910516,0.78233457,0.61086047,0.876344,0.6350736,0.7839432,1.4173796,1.3689287,1.1741338,0.69685984,1.2288647,0.76973724,0.80148757,0.6829151,0.9987882,0.90502626,0.14638002,1.1057388,0.0
2.6482942,2.4632878,1.7524741,2.823979,1.9289162,2.2556167,1.4503715,2.0955706,1.955245,1.8021153,1.5628289,1.6117045,0.0,0.8792938,1.534771,0.6729018,0.53535527,0.89344025,1.4718876,1.8424128,1.9721763,1.0521655,0.7875358,1.6183504,2.0418427,1.7481936,0.0,0.46997842,2.3007543,0.0,0.71065575,0.8023847,0.84187055,0.8361556,0.0
2.288231,2.193262,1.960756,2.407359,2.480382,2.9246936,2.8488023,2.654237,3.1735907,2.1835222,1.858149,3.1565914,0.0,0.0,0.0,0.0,0.0,3.1429126,2.576955,2.3772633,2.5975876,0.016968515,0.0,0.19681942,1.6386424,1.8010006,2.9542606,0.0,1.6532286,0.0,0.0,0.0,2.7167623,0.0,0.0
0.4910437,0.81899047,0.6346186,0.71594596,0.5389178,0.3440338,0.8658351,0.549922,0.50436765,0.85694623,0.5117807,0.7055241,1.1195642,1.2039768,2.3407586,1.0120724,0.9303879,0.4018463,0.19578554,0.45024326,0.32415524,1.8924521,1.7223961,1.1188202,0.4193062,0.0,0.11758539,0.94129115,0.13661785,0.8844761,2.0631478,1.8012342,0.3768011,1.0026996,0.0
2.2010703,1.5651923,2.0270681,2.3687465,1.834625,1.9195207,1.6433089,2.1739814,2.5987198,1.7669798,1.5738347,2.4533508,0.0,0.0,0.35679805,0.15491682,0.28293377,2.534534,2.0244963,2.2220092,1.8117156,0.27633992,0.0,0.5275475,1.3888214,2.7728484,1.7067933,0.2858867,1.2736862,0.12699421,0.28323272,0.0,2.304992,0.118009485,0.0
0.82337135,0.49664307,1.2975016,0.3946536,1.2022268,0.82412386,0.6361922,0.3774028,0.56139535,0.8181528,0.048767775,0.83058554,1.5218251,0.7430987,1.7121148,0.22088319,1.4278473,0.22614914,0.52844864,0.65440154,0.4225892,1.4212519,1.4434843,2.0094743,1.0113609,0.08530225,0.5675942,1.5085554,0.9895396,1.126029,1.0071768,0.7956099,0.0,1.7829347,0.0
0.0,0.40355355,0.5590491,0.655532,1.0132816,0.80432665,0.55220103,0.22489604,0.5769684,0.31423035,0.47203648,0.7635099,2.15211,2.304646,2.267888,1.8184714,1.929792,0.7370135,0.41972184,0.20686273,0.9617252,2.606751,2.77557,2.506137,0.6508444,0.14485547,0.8881165,1.6182936,0.63490516,1.8173403,2.28025,2.3386605,0.46608067,1.501334,0.0
0.16706078,0.0,0.120710894,0.0,0.65426695,0.0,0.036713615,0.27754137,0.3769135,0.0,0.05862058,0.23834743,1.8927764,2.63603,2.9715552,1.6903584,1.693182,0.4327376,0.43918067,0.0,0.37709656,2.7039592,2.7054408,1.9374155,0.054834045,0.2956616,0.6384198,1.8831002,0.15935922,1.5897913,2.4318807,2.6945589,0.2735102,1.437711,0.0
0.4414159,0.37740195,0.67065275,1.0592225,1.338452,0.6639306,0.8326803,0.742153,0.7905563,0.38904116,0.12898865,0.5563351,2.5033255,1.533334,2.895487,1.7431662,2.2944071,0.99258626,0.28660488,0.72645444,0.8242961,2.306762,2.655924,2.8277388,0.111770436,0.9089241,1.2330638,0.7965286,0.37296104,1.6005358,1.7954309,2.4655633,0.8277615,1.7358079,0.0
0.0,0.12364943,0.05374683,0.012560844,0.15515955,0.3432868,0.0,0.0,0.0,0.0,0.06393654,0.0,2.8133516,1.8752984,1.7202909,1.8475083,2.0273435,0.19336879,0.0,0.0,0.39792246,1.4173924,2.1924546,2.573965,0.30109578,0.14098202,0.36220616,2.177759,0.04882627,2.0232232,2.340511,1.712032,0.12868968,2.6015382,0.0
0.0,0.0,0.0,0.0,0.0,0.0,0.0,0.0,0.0,0.0,0.0,0.0,2.8643012,3.0828063,3.731925,2.7479973,3.6802182,0.0,0.0,0.0,0.0,3.291581,2.1140375,3.1462717,0.0,0.03951394,0.0,4.325868,0.0,3.6291907,3.4509318,2.233537,0.0,2.8104057,0.0
0.0,0.0,0.0,0.0,0.0,0.0,0.0,0.026415423,0.0,0.0,0.0,0.0,2.8902545,3.2059429,2.786326,1.9229279,2.3508215,0.0,0.0,0.0,0.027956264,3.6457078,2.5941808,2.0768337,0.0,0.026394468,0.0,2.349176,0.0,2.418933,3.5709128,3.3074148,0.0,2.7840524,0.0
1.3892294,1.4247296,1.0627092,2.2308989,1.8247578,1.2790239,1.4509381,1.3838489,1.9409225,1.9828018,1.1066198,1.798931,0.0,0.69253004,1.009413,0.44421476,0.9295734,1.8925791,1.1409883,1.3982483,2.470951,0.7868305,0.52534705,0.46382207,1.5248901,1.2299634,2.0471575,0.40969014,0.90730673,0.8405437,0.89416915,0.8331378,2.8781893,0.19367495,0.0
0.93447226,0.65512985,0.0,0.0,0.0,0.21482539,0.16122997,0.055202864,0.0,1.3781476,0.97633636,0.3252474,0.84694546,2.3936582,3.5848134,1.3424169,1.8245726,1.2222022,0.6494855,1.093297,0.7162651,3.0755537,2.2143319,2.5146842,0.6525919,2.0708416,1.3395374,2.2083669,0.7728391,2.5172882,2.6047106,2.2453861,1.4201835,1.3175902,0.0
1.4497346,1.3305175,0.24079849,1.1002445,1.0955662,1.2998316,1.0383534,1.1648809,1.173889,0.649984,0.47821376,0.67129445,0.43858525,1.457986,2.060802,1.2156776,0.43020144,0.34806013,0.98427856,0.87109,1.2411125,1.8056507,0.83753204,1.6819873,0.95657897,1.1247038,0.0,0.8637163,1.3810186,0.0,1.6825258,1.4056453,0.27375868,1.0872672,0.0
0.5205834,0.27243757,0.05248985,0.0,0.0,0.0,0.37628582,0.0,0.0,0.47642115,0.6393868,0.3288647,1.9094211,1.6090403,1.1231639,1.2305877,1.7632104,0.2079364,0.09378956,0.451984,0.0,1.5825663,1.5075532,1.7598813,0.0,0.3245225,0.58846456,2.5960605,0.32924843,2.1120389,2.3271158,1.4628507,0.0,2.3386698,0.0
1.9970541,1.1913422,1.8808665,1.9179105,1.9897507,1.8584852,1.5872746,1.7030305,1.3594404,2.0502276,1.5830123,1.2968128,0.42911,0.8777865,0.16470425,0.6217743,0.9116184,1.3880211,1.8777081,2.3365564,1.6608491,0.9847625,0.25796968,1.4001688,1.6567261,2.0664918,1.041316,0.30943716,1.7197794,0.43034565,0.43551868,0.671722,1.444932,0.6688332,0.0
1.6462743,1.1983566,1.7189451,1.8772897,1.7345299,1.8310938,2.0040317,1.6370215,2.2391536,1.6397103,1.5638157,1.7685877,0.7801898,0.99236566,0.0,0.8301582,1.464141,1.7856,1.8437641,2.0924416,1.6604552,0.8960124,0.36197352,1.5903227,1.3100342,2.036812,1.3639108,0.98260957,1.9456669,1.4309602,1.0733411,0.3221181,1.086748,1.8018606,0.0
1.872525,1.6857213,1.3913057,2.307988,1.6752231,1.2751404,2.672435,1.8168757,3.154066,1.4526833,0.9348617,2.1871135,0.67913055,0.18470347,0.684676,1.0506729,1.1756623,2.5068884,1.878219,1.6083547,2.057329,0.47426933,1.2189277,0.0,1.0648928,1.2215025,1.759127,1.3949062,1.4141877,0.44856244,1.6166186,0.8975725,1.5273279,0.67708236,0.0
2.572978,1.8540163,2.0831947,1.9637198,2.5386012,2.320259,1.6612251,1.6589763,1.7729646,2.4160845,1.7800157,1.7408985,0.3278458,0.0,0.34988835,0.34205037,0.3582016,1.697522,1.8294262,2.3807008,1.3184552,0.0,0.0,0.26639405,1.9933097,1.6060488,1.507588,0.0,1.8086499,0.0,0.81520927,0.14567024,2.1375184,0.504226,0.0
0.0,0.0,0.0,0.0,0.0,0.0,0.0,0.0,0.0,0.0,0.0,0.0,2.8054838,2.8440924,1.5245917,2.3660347,3.655663,0.0,0.0,0.0,0.0,2.6430173,2.0072107,3.2590747,0.0,0.30436718,0.0,3.013207,0.3081166,3.282399,3.1342392,2.909718,0.0,3.4395685,0.0
2.215445,1.7991825,1.9343123,2.3162642,1.968093,2.2544923,2.015183,1.7481095,1.8140529,2.0401335,1.71995,1.4721684,0.049642988,0.97297806,0.0,0.19575863,0.63197124,1.304606,1.55556,2.140485,1.9753746,0.5105154,0.089499265,0.6159312,2.0715501,2.041198,0.6850795,0.30092576,2.1276402,0.23920402,0.25564167,0.4121974,0.9389007,0.91128963,0.0
2.5294335,2.483098,1.6129402,1.4889846,1.622893,2.2018511,1.7846284,1.487637,1.394666,2.2596924,2.0201023,2.1012223,0.0,1.2757986,1.8380928,0.5085465,1.0428749,2.5373232,1.6053275,2.356653,2.6521492,1.5570362,0.7511833,0.8876522,2.3234944,2.8099842,2.061874,1.821154,1.5520909,1.2028987,0.9726273,0.68396795,1.8673146,0.6185721,0.0
1.8989226,1.4844245,2.1273868,2.770756,2.0445971,1.891299,2.284007,2.510293,2.2056959,2.3094144,1.611773,1.796133,0.60350657,0.66096723,0.0,0.70661354,1.12012,2.3653543,2.2066753,1.8506361,2.2636037,0.5734201,0.7563622,1.6448754,1.8754797,2.1079156,1.8321682,0.83043796,2.0678415,0.95601195,0.87214464,0.37632686,2.0882857,1.4706872,0.0
0.30632597,0.0,0.0,0.09338651,0.24684915,0.0,0.091473445,0.0,0.03168638,0.025456993,0.0,0.0,2.5552745,1.899298,2.608418,2.3486707,2.1976585,0.5855619,0.28886533,0.47638345,0.025607767,2.1702452,2.5400684,2.381555,0.03877426,0.45926768,0.6148065,1.8811886,0.0,2.1117873,3.712964,3.2778115,0.0,2.240589,0.0
1.1413896,1.1395968,1.2779722,1.2115368,1.012846,1.0690548,1.493633,1.3040359,1.2177609,0.77169466,0.6170806,1.4769096,0.78510857,0.0878873,0.86490434,0.5133663,0.55926746,1.2108262,0.87241673,0.99440527,1.0967033,0.7041988,0.93894565,1.0484545,1.0660851,0.8844679,0.6982215,1.0290073,0.9331759,0.8652986,0.49774235,0.73847336,0.58690155,1.074327,0.0
1.4743044,1.3115569,1.1385462,1.0808156,1.130542,1.184,1.1199071,1.2790817,1.1805174,0.7695696,1.016236,1.4195907,0.77154243,0.46106315,0.81132066,0.8249358,0.6656356,1.5572754,1.1635289,1.074015,0.8770074,0.5224815,0.6036649,0.7272305,0.6550056,0.9079484,1.5631161,0.4879105,0.5171389,0.8107622,1.5007685,0.67972195,0.9714787,0.9790791,0.0
2.4103498,1.9180427,2.3057642,3.2110746,2.4353359,1.6977519,3.2871144,3.0935848,4.243861,1.9628377,1.7984998,3.400661,0.0,0.0,0.14976926,0.80005956,0.5764346,3.9621265,2.6992662,2.1586087,2.9968333,0.20065013,0.98912776,0.0,1.6067191,1.970705,2.563268,0.5052668,1.7715013,0.25098822,0.50615907,0.20615321,2.7451065,0.16872695,0.0
1.1274928,1.050042,0.80802923,0.8426126,0.90712,1.0042442,1.3188189,0.9102826,0.9390892,0.7565665,0.3496377,0.87538505,0.9373007,0.594392,0.8653023,0.3004467,0.8473386,0.4481298,0.528617,0.5439858,1.0315378,0.44743475,0.90848947,0.7664791,0.9086438,0.729585,0.34172198,1.1784632,0.6246149,0.8899492,0.89257485,0.6981912,0.0,1.1743054,0.0
1.3978828,1.1094083,1.3899665,1.3172798,1.3553879,1.5158567,1.5061677,1.1995909,1.5470645,1.1558084,1.2962847,1.3074152,1.3082545,1.1726315,0.066184,1.1737583,2.094,1.6781255,1.3197122,1.7415882,1.3666472,1.3178446,0.746673,1.6842507,0.525945,1.917693,1.0733407,1.3352786,1.189048,1.717237,1.5831271,0.90912724,0.8918931,1.8454981,0.0
1.2190228,0.6783357,0.56184965,0.6041516,1.1830792,0.28950036,0.67491215,0.28387606,1.2504299,0.983043,0.7474513,0.55286354,1.0854743,1.2752246,2.3385055,1.3349665,1.360527,0.7588787,0.8262512,0.99378335,0.11337562,1.4902894,1.1015985,0.650098,0.80764437,0.17225115,0.871104,1.6252275,0.33859003,0.99404866,3.0280564,2.0157256,0.8374767,1.4163556,0.0
1.0552047,0.8458122,0.10664444,0.0,0.26313296,0.7191035,0.5510612,0.4604606,0.18436262,1.8079765,1.2197405,0.65023524,0.64520586,2.5763535,4.0215325,1.0729026,1.5320126,1.3231281,0.9307033,1.052167,0.90891445,2.8671908,2.2494304,2.3051243,1.1025909,2.1089826,1.7815006,1.9742879,0.8015611,2.041084,2.9394393,1.9601032,1.5814426,1.0397099,0.0
0.0,0.015097171,0.0,0.0,0.0,0.0,0.0,0.024510287,0.0,0.0,0.06718682,0.0,2.3384428,2.3680983,1.3052843,2.180209,3.0827851,0.13585582,0.0,0.011685958,0.0,2.6583633,2.3238275,3.8396664,0.17671518,0.35095033,0.5371844,2.136331,0.93985605,3.0791934,2.397871,1.990103,0.0,3.427982,0.0
2.580867,1.6129287,2.0348127,2.4505897,2.2411573,2.2306204,2.0876245,2.232053,2.2711043,1.7779125,1.763349,2.0568867,0.0,0.0,0.07992479,0.0,0.18916172,2.5282807,2.248897,2.1387367,1.9461558,0.0,0.0,0.23318368,1.4561181,2.0902247,2.2812972,0.0,1.1409352,0.061894994,0.7332974,0.0,2.0504942,0.08816463,0.0
0.67470497,0.24659488,0.43416572,0.11691208,0.13043089,0.30527624,0.9457987,0.5103993,0.16893007,0.8690574,1.0386945,0.8389788,1.5591037,1.5722804,1.0218651,1.1894051,1.5397643,0.7386673,0.5530115,0.66762125,0.14061248,1.5645192,1.2330923,1.8529272,0.59014255,0.74895215,0.5344061,1.9289196,0.80571985,2.1987271,1.6057601,1.133225,0.36123312,2.3058717,0.0
2.0578473,1.910599,0.784486,1.7292765,1.4038848,2.1455748,1.5073776,1.3151728,1.9068519,1.1751565,0.7487709,1.2413379,0.172262,1.2721093,1.7842402,1.1134846,0.50948614,0.69663256,1.0988925,1.3504218,1.4309547,1.4669888,0.5615648,1.4631667,1.6995447,1.6947416,0.16186383,0.3499833,1.7236141,0.0,1.1350113,1.1173781,0.36818066,0.6220958,0.0
1.9505532,1.4215826,1.6096523,1.8321631,1.8258553,1.8683376,1.4617437,1.4655544,1.2997199,1.8466246,1.6539189,1.2607472,0.1167465,0.5677234,0.060526125,0.34009042,0.52620745,1.3602535,1.5802193,2.4134948,1.2917649,0.69666356,0.0,1.1761044,1.8274932,1.9776015,1.0238532,0.19170664,1.8109586,0.7344619,0.23871505,0.364543,1.1171325,0.64366853,0.0
0.14826424,0.05798126,0.0,0.0,0.0,0.0,0.0,0.0,0.0,0.8739516,0.5997343,0.0,1.6775562,3.3150203,4.892299,1.935428,2.417417,0.6454174,0.14609194,0.38160068,0.43689,3.5092428,3.1384807,2.261104,0.28723967,1.4805954,1.0689373,2.615767,0.0,3.0144525,4.4364853,3.2247212,0.6765761,1.4039996,0.0
1.3783929,0.94314647,1.3003659,1.5663475,1.5909367,1.527559,1.3645251,1.7948973,1.2014692,1.4792837,0.8792576,0.8876309,1.2844214,0.40114504,0.45233673,1.1014193,1.1988351,1.2147052,1.102636,1.5765021,1.6667943,0.6887719,0.20984536,1.3648193,1.641957,1.5171443,0.95301205,0.37072948,1.389437,1.1818749,1.0438627,0.8001264,1.7864982,1.3741884,0.0
1.7329118,1.4039011,0.58819175,1.3442657,1.3995551,1.9492437,1.3037567,1.3516487,1.3731327,1.1818856,0.8911229,1.0053551,0.0,0.8004159,1.7448027,0.96524245,0.51854944,0.5893357,1.2131472,1.3206927,1.3753374,1.167575,0.24931207,1.4185065,1.480129,1.3625093,0.08603628,0.45100737,1.6065034,0.0,0.93381035,0.7572943,0.5855265,0.44603166,0.0
0.406183,0.31647468,0.14262998,0.2828312,0.44500872,0.0,0.4095696,0.566549,1.0005399,0.0,0.0,0.6863393,1.7614584,1.7428634,2.7000878,2.4051583,1.4910218,0.37984198,0.48697764,0.58628017,0.0,2.2566001,1.7499062,2.1461153,0.6137992,0.5721127,0.7243851,0.92686236,0.0,1.2492597,2.9031787,2.0281372,0.2632971,1.9813893,0.0
0.805382,0.8545593,0.020444345,0.43704274,0.33868918,0.21512564,0.2368544,0.42135382,0.4128211,0.26097795,0.53527385,0.3970186,1.551091,1.2766726,1.1512631,1.7662504,1.5278342,0.50080836,0.3110866,0.43519828,0.13705646,1.210314,0.946967,1.2489839,0.17040993,0.34300885,0.5151116,1.2751259,0.23851503,1.3836167,2.185521,1.4370137,0.6873773,2.2580137,0.0
1.5388817,1.3106724,1.1241667,2.0100255,1.3528892,0.9659786,2.3295689,1.7221125,2.8166163,1.2641412,0.8418503,2.0988665,1.1144218,0.5689343,0.6381972,1.4586024,1.5263455,2.2218113,1.5761082,1.0001383,1.8405604,0.74051976,1.4439311,0.0,0.95484245,0.9763305,1.5695744,1.577124,1.3255509,0.8056463,1.6558429,1.3651597,1.3111367,0.8635364,0.0
1.0804063,0.9212572,0.7937295,0.5188069,0.68593085,0.96532655,0.81942695,0.5990827,0.673468,1.0135812,0.8327959,1.2691486,1.433765,0.674747,1.0894442,1.3459053,0.9339365,1.0916895,0.79259527,0.39339638,0.43342242,0.5147229,0.8569516,0.9037998,0.7201447,0.36501497,0.7966902,1.2421395,0.6757794,0.9986656,1.8567388,0.622953,0.6046189,1.5594678,0.0
0.71043146,0.6687969,0.5347683,0.8125236,0.6302067,0.649803,0.54679674,0.91922843,0.5493722,0.33406335,0.35827538,0.423167,2.1774898,1.6151791,1.1624544,1.9519455,2.1088455,0.5159692,0.5164855,0.5049463,0.7257399,1.6248968,1.0837276,1.6210136,0.4549584,1.2819738,0.41129526,1.2847668,0.54249036,1.6477189,2.4000266,1.7637174,0.7504945,2.0432098,0.0
1.7283578,1.5243031,0.69471955,1.4642106,1.2696456,1.985709,1.1992301,1.0887914,1.7504026,1.0893385,0.7189129,1.1068082,0.119256586,1.0339835,1.6726847,0.8992487,0.41128042,0.6539918,1.2397605,1.2146995,1.4270005,1.5327119,0.8017802,1.345797,1.2796185,1.2624134,0.122740775,0.62136036,1.5269722,0.0,1.417864,0.89520484,0.31574142,0.72986096,0.0
0.8768787,0.24743122,0.50433743,0.47872245,0.9132063,0.05706602,0.38263306,0.013053615,1.0287275,0.80173236,0.0,0.34479165,1.7583631,1.0860039,2.5845559,1.7195729,1.4051003,0.25710538,0.4557228,0.8218177,0.0,1.7597021,1.7248183,1.8444796,0.7746097,0.28501874,0.74631846,1.8447754,0.6518045,0.8131107,2.6318338,2.304219,0.80841255,1.6887643,0.0
0.7574724,0.57288885,0.20368913,0.5201391,0.38379383,0.6607929,0.4969724,0.4679185,0.28918344,0.101264745,0.32941198,0.059353337,1.8883187,1.1931199,0.8472827,1.7111574,1.7189139,0.088485576,0.025290132,0.4266481,0.4399244,1.299395,0.87818587,1.3045378,0.3906607,0.60633045,0.0,1.1741352,0.4133687,1.4894158,1.6762637,1.8013605,0.11935116,1.6316328,0.0
1.8960543,1.3121027,0.7927567,1.7129351,1.3188968,1.8152599,0.76758045,1.3122579,1.2971342,1.0679488,1.1146079,0.7259911,0.0,1.0826449,2.0437574,0.7039366,0.70767707,0.48224267,1.2480197,1.4785647,1.1714164,1.2796133,0.39349797,2.1120343,1.2950772,1.1904875,0.15132728,0.67726004,1.5650024,0.0,1.0606897,0.8906438,0.40454656,1.0154494,0.0
3.0229888,1.9752439,2.5499208,3.1950977,2.8800282,2.6288006,3.432213,2.6233454,4.448412,2.2990346,1.8158252,3.3811023,0.008561991,0.29109135,0.0750308,0.38477382,0.8098949,3.7791643,3.099895,2.1424572,2.7391815,0.0,1.0712641,0.0,1.6516165,2.2065997,2.8845172,1.2218388,1.8443264,0.21893243,0.93860024,0.0,2.531196,0.7033228,0.0
0.0,0.0035568029,0.0,0.0,0.030571986,0.0,0.10074116,0.0,0.0,0.015434349,0.0,0.0,1.9595445,1.6682051,2.7334473,1.5245504,1.6267885,0.051604003,0.0,0.15889092,0.0,2.5905766,2.0151122,2.3586454,0.0,0.03956986,0.14214568,1.0076083,0.021262743,0.95485514,3.1195483,2.3814692,0.0,1.6585948,0.0
3.3984792,2.2252994,2.76332,3.043045,3.3208954,2.9969642,2.4235334,2.2835217,2.6287713,2.695725,1.9656365,2.494421,0.0,0.0,0.065856956,0.17393984,0.0,2.553068,2.3798003,2.8475325,2.228929,0.0,0.0,0.0,2.3175678,2.2113807,2.1267223,0.0,1.778402,0.0,0.22628161,0.0,2.8056388,0.0,0.0
0.0,0.16399929,0.0,0.0,0.016000059,0.0,0.0,0.003828086,0.0,0.0,0.0,0.0,1.7802765,1.0877423,1.2854142,1.6225069,1.1199119,0.12501484,0.04005319,0.010023313,0.0,0.8949345,1.1411572,1.4192736,0.13283926,0.0,0.14018854,1.4195905,0.14761543,1.4779102,1.898795,1.3221766,0.0,1.980335,0.0
1.3972893,1.3982822,0.25916964,0.45125064,0.7655076,1.2687266,1.1249611,0.38196877,0.5102608,2.39955,1.416352,0.8025683,0.34923422,2.0441663,3.4710772,0.7347073,1.5799863,1.884557,1.1492922,1.3261622,1.987685,2.249156,1.7540991,0.8291653,1.7672809,1.6777261,1.9301378,2.0823808,1.0364625,1.696037,3.3919723,2.0088544,2.0093908,0.34910905,0.0
1.5805603,1.3019639,1.3540506,1.2991409,0.9751152,1.6966858,1.7589003,1.0009899,1.3116318,1.5992143,1.5137157,1.4542744,0.6612191,0.603343,0.10975696,0.4757014,0.83941627,1.5235269,1.0999343,1.0658303,1.1545427,0.28968573,0.44839042,0.65475947,1.033797,1.4387162,0.9618887,1.0887749,1.0702134,0.7950884,1.0067135,0.32507998,1.0265694,1.1205728,0.0
1.2708769,0.8697808,1.3784888,1.7142774,1.3394753,1.3517443,1.5027804,1.6260638,1.7677294,1.4570773,1.2017791,1.4606539,0.78064543,0.7172495,0.069724865,1.2039295,1.156651,1.6698014,1.5177637,1.936216,1.208607,0.83844763,0.6904267,2.00353,1.2134032,1.5998611,1.2903088,1.2842227,2.0220847,1.8412247,0.5583509,0.13142794,1.2190458,2.1011047,0.0
0.0,0.0,0.0,0.0,0.0,0.0,0.0,0.0,0.0,0.0,0.0,0.0,2.0063663,1.6620369,1.70452,1.808724,1.3124139,0.0,0.0,0.0,0.0,1.1680835,1.6653337,1.8080162,0.0,0.0,0.20125236,1.4774762,0.0,1.9332871,2.1777246,1.0335253,0.0,2.396471,0.0
2.077147,1.5269941,1.966312,1.6562963,2.1364303,1.7396146,1.5880136,1.6021981,1.7451044,1.7392608,1.495282,1.686264,0.6469757,0.2098142,0.91393244,0.3792568,0.5740044,1.7942309,1.8531506,1.691632,1.1837492,0.28227776,0.25208652,0.16374198,1.3642002,1.3825351,1.690607,0.44011286,1.1865466,0.34197065,1.3289735,0.36993995,2.1857374,0.6717954,0.0
3.0556927,2.3875713,2.9173176,3.7742484,2.9821167,2.8669102,3.6198244,3.1843214,4.9379277,2.5216334,2.12985,3.5841367,0.145298,0.48351005,0.0,0.66724473,1.6770403,4.313951,3.6071215,2.4580305,3.3037271,0.3846358,1.0724851,0.18222299,1.8158275,2.9024212,3.3028119,1.0296651,2.3660855,0.58610904,1.1681656,0.0,3.0220306,0.8209713,0.0
0.0,0.12661658,0.22607328,0.0,0.4289323,0.0,0.3433854,0.0,0.09235897,0.0,0.0,0.40835708,2.407258,2.454547,3.467979,1.983768,2.0744913,0.42755204,0.3913173,0.0,0.26476535,2.7615402,2.635628,2.6364784,0.5123212,0.0,0.3763782,1.5461171,0.0,1.4281238,3.153589,2.3790538,0.0,2.366665,0.0
0.61477715,0.44352156,0.52387494,0.33285046,0.59955394,0.2031337,0.7211239,0.7106418,0.63614917,0.58276635,0.2260507,0.74527097,1.501024,1.1343398,1.9354484,1.7745384,1.4693491,0.75512743,0.63611054,0.8366036,0.18544061,1.567927,1.3287516,1.6411389,0.5733587,0.5756675,0.54789376,2.13644,0.51298845,1.223145,2.7544775,2.3221476,1.0599846,1.5510509,0.0
0.64176005,0.51739985,0.36590588,0.48402625,0.5954746,0.16574973,0.35020897,0.57001656,0.48663175,0.26998433,0.110769324,0.09769258,1.6209286,1.3060533,1.30459,1.3362885,1.4384098,0.20741403,0.4576878,0.26077238,0.1527038,1.1172241,0.95871735,0.9744213,0.45500296,0.37273064,0.08914205,0.84498274,0.53586864,1.1223961,2.1125727,1.3540832,0.36746293,1.8830268,0.0
1.1473112,0.7030375,0.8970124,1.3261749,1.2171111,1.168026,1.3050723,0.77481335,1.4340413,0.9592181,1.0311501,1.0599672,1.1092784,1.5879912,0.027508557,1.3020952,1.9566232,1.0362029,0.92449933,1.4437476,0.7103944,1.2238529,0.61922157,2.1314173,0.9474387,0.93279827,0.3800715,1.5460576,1.4933637,1.5112348,0.975147,0.91176516,0.03335302,2.0507936,0.0
0.9857003,0.6542853,0.590752,0.47181255,0.46094474,0.68627155,0.5984894,0.4071345,0.4078767,0.79430914,0.8033597,0.9898927,1.3111393,0.8318102,1.1589444,1.2912964,0.81141967,0.80240875,0.68424857,0.36319828,0.35574436,0.5543203,1.0698335,0.80151474,0.36713564,0.35593936,0.743205,1.071341,0.4291942,0.96186715,1.8752462,0.63530076,0.6137526,1.5496185,0.0
4.1173506,3.763541,3.952842,5.079668,4.2041893,4.019935,4.717255,4.6956058,5.9940934,3.2536457,3.182277,5.3016376,0.0,0.0,0.0,0.0,0.0,6.0345387,4.513763,3.777505,4.6004868,0.0,0.0,0.0,2.737169,3.6820102,4.188401,0.0,2.5545306,0.0,0.0,0.0,4.3023953,0.0,0.0
0.10273851,0.09403169,0.36838526,0.0,0.37798312,0.16419548,0.3872471,0.0,0.39631268,0.2163193,0.24221349,0.7076767,2.4976974,1.5277195,2.9661171,2.2924888,1.8955963,0.0,0.0,0.3323525,0.0,1.9416817,2.5731113,2.3324065,0.026139652,0.0,0.46257073,2.2250886,0.25248635,1.8441827,3.3488827,2.0004852,0.0,2.3735194,0.0
0.6264541,0.9513079,0.24136333,0.5436203,0.52580035,0.5332821,0.6535464,0.47019365,1.0941001,0.39388913,0.52349263,0.38107997,0.15623541,0.49168465,0.65359855,0.7291219,0.5915765,0.409798,0.16478564,0.6680747,0.20642084,0.866937,0.8017491,0.36980528,0.31819186,0.5610028,0.0,0.9790837,0.38947928,0.5867662,1.0057251,1.2140869,0.0,0.4617949,0.0
0.0,0.0,0.0,0.0,0.0,0.0,0.0,0.0,0.0,0.0,0.0,0.0,2.846416,2.234941,1.868475,2.5240133,2.3467839,0.0,0.0,0.0,0.0,1.8314462,1.9187295,1.9965891,0.0,0.0,0.0,1.6970168,0.0,2.1942532,2.7454216,2.617911,0.0,2.482424,0.0
0.82554203,0.9255956,0.90812397,1.1924461,0.9178581,0.8198335,1.0765622,1.1994045,0.8979088,0.67985713,1.1554976,1.1618443,0.82515717,0.88727385,0.23338869,0.63360345,0.9016397,1.0946486,0.85309803,0.9807896,0.70139134,1.0270262,1.0287316,1.5252402,0.46526498,0.64296216,0.54646,1.7059029,1.0280526,1.3022497,0.8866809,0.7337598,0.45658782,1.8645782,0.0
0.61554396,0.46110517,0.19430253,0.4860558,0.88781714,0.0,0.75195324,0.573642,1.1066658,0.17119941,0.0,0.3948865,1.6388234,1.8198084,3.1591852,1.7736293,1.8147484,0.9478544,0.59923387,0.8007531,0.18190484,2.4211354,1.4127293,1.6008648,0.48494196,0.4832183,0.85254097,1.3668422,0.0,1.0483538,3.0323918,2.7857573,0.8922159,1.5755513,0.0
1.2784387,1.5187426,0.0750362,0.14341584,0.63554376,1.3391972,1.0183741,0.8016883,0.645125,1.8161569,1.1894481,0.8277299,0.12171077,1.8747294,2.9417536,1.0104351,1.5947725,1.5558685,0.91635895,1.2161268,1.9323633,2.1117105,1.3420393,1.1344001,1.3245862,2.2019303,1.366015,2.0494792,0.78585434,1.9386492,2.4514449,1.7883296,1.2756898,0.13222042,0.0
0.15100934,0.0,0.09574476,0.6114349,0.28042933,0.0077874176,0.48383078,0.48674414,0.17807564,0.0,0.03741727,0.2362061,2.614407,1.9322813,1.0904018,2.7556798,2.4400055,0.30639353,0.3801434,0.17054442,0.24261282,2.0971692,1.6454347,2.38829,0.20037872,0.6529061,0.56472176,1.8661858,0.52567315,2.6692884,2.5542939,1.8658758,0.1484919,2.773771,0.0
2.035048,1.6796113,1.5117345,1.7777344,1.4582453,2.0919027,1.9133309,1.3148946,1.9047304,2.0230477,1.6631538,2.0021646,0.5625218,0.66695523,0.22131616,0.7355687,0.44291937,1.802922,1.4974836,1.6805934,1.6408558,0.10789674,0.14861396,0.69955003,1.6305009,2.0068042,1.2423291,1.1206237,1.4744697,0.786945,0.6632898,0.0,1.5202534,1.3126006,0.0
0.0,0.0,0.0,0.0,0.0,0.0,0.0,0.0,0.0,0.0,0.0,0.0,2.2769785,1.6938921,2.1510859,1.7882063,2.1169024,0.0,0.0,0.0,0.0,2.5926101,2.6038675,2.3025308,0.0,0.0,0.0,2.053709,0.0,1.8689373,2.5624588,2.7151,0.0,2.1666665,0.0
1.8352797,1.7081667,0.4094777,0.9244397,1.0715538,1.4199278,1.4107065,0.6727924,1.022989,2.0983121,1.1643647,1.0188645,0.12456907,1.6942852,3.0595043,0.8707149,1.4348508,1.7210743,0.93163687,1.9843123,2.498763,1.8246605,1.6308255,0.5320443,1.8598341,2.6754365,1.8403742,1.6934576,1.094719,1.7540361,2.4546285,1.5783188,1.7387551,0.14898142,0.0
1.7624729,1.7866285,1.9549115,2.2837715,1.6254236,2.0860388,1.9654039,2.3099916,1.9765376,1.3846552,1.6857202,2.3387382,0.0,0.32872868,0.0,0.7547689,0.55303746,2.0700552,1.7760243,2.3955214,1.7887945,0.37179184,0.09435437,0.9573649,1.5640607,1.9032534,0.83954525,0.7656539,1.6627293,0.92435044,0.0,0.10298043,1.5371817,0.62195045,0.0
0.0,0.117322356,0.0,0.0,0.0,0.0,0.016967308,0.0,0.0,0.0,0.0,0.0,2.826445,2.765821,1.5808241,2.1744137,3.075825,0.0,0.0,0.0,0.0,2.5099342,2.159388,3.1234298,0.0064868387,0.038565014,0.0,2.7137697,0.5961235,2.891551,2.4817379,2.278982,0.0,3.728185,0.0
1.1339462,1.269835,0.31869194,0.62850666,0.9758562,0.5339945,0.9191801,1.1209651,1.338669,0.60786253,0.8791661,0.86736375,1.229218,1.4122723,0.62382877,2.0751238,1.5357162,1.5129181,0.56668156,0.5242736,0.64198565,1.3443601,0.9934516,1.1345487,1.1515267,0.81327933,0.95775855,0.77823913,0.68426025,1.7818362,1.8909918,1.5950401,1.0605869,2.012503,0.0
0.06250323,0.14361942,0.0,0.0,0.0,0.0,0.0,0.0,0.0,0.69735986,0.5595602,0.0,1.3825644,2.8839576,3.9052885,1.9359759,2.5219934,0.7652983,0.07623652,0.6019891,0.15331157,3.559332,2.7033098,2.7434201,0.18398412,1.7257732,0.7260152,2.941082,0.25679332,3.4180882,3.7100444,3.133603,0.7527671,1.6894987,0.0
0.77166706,1.0005783,1.0851134,0.8221022,1.2676978,1.0906451,1.0829092,0.36256552,0.9334046,0.66650337,0.678453,0.7753389,1.2291768,1.6995122,2.5265684,1.1039565,1.571172,1.3667269,1.1353683,0.429571,1.0747409,1.9239743,1.4254106,1.0768731,1.1108946,0.113862514,1.4664353,1.7895616,0.15276884,0.982817,2.7669442,2.1827474,0.7827026,1.2435613,0.0
0.0,0.0,0.0,0.0,0.0,0.0,0.0,0.0,0.0,0.0,0.0,0.0,3.4930868,2.7349453,2.779509,3.414846,3.0658062,0.0,0.0,0.0,0.0,3.0665762,2.6713817,3.3597202,0.0,0.0,0.0,2.2968292,0.0,2.5519826,3.8828568,3.2017395,0.0,3.2862005,0.0
0.7991714,0.6602051,0.0,0.0,0.311785,0.056394335,0.6121351,0.04559917,0.04836627,1.6425259,0.84211344,0.4225598,1.0256749,2.4519036,4.0252285,1.4804236,1.9267157,1.2464334,0.64921016,0.98132265,1.1183172,2.7621017,2.5464945,1.7182051,1.1792063,1.7326111,1.5118902,2.0439138,0.6669573,2.2260146,3.806442,2.3106282,1.3970255,0.9603117,0.0
1.3770841,1.4127123,1.3191403,1.6408565,1.5662497,1.4938729,1.8210746,1.4080718,1.8146255,1.201431,1.5329138,2.145842,0.15726355,0.2864612,0.007659316,0.9322112,0.971635,1.4837089,0.96794283,1.8042246,1.1473637,0.4914856,0.0,1.1696504,1.2152519,1.7470307,0.75828016,0.79167783,1.30167,0.7258027,0.33594766,0.508603,0.67667603,1.0153972,0.0
0.25172684,0.30903363,0.0,0.0,0.1441941,0.0,0.30675775,0.0,0.24573943,0.0,0.0,0.060947612,2.571228,1.7773546,2.1798944,2.5199714,2.3588705,0.11462515,0.11156435,0.0,0.14682978,2.2732668,2.0341425,2.4892874,0.5771072,0.3087726,0.19350539,1.457616,0.055026844,1.4728245,3.0052683,2.3776524,0.0,2.3659425,0.0
